#SampleID	BarcodeSequence	LinkerPrimerSequence	PCR.Sample.Plate	Sample.Plate.Well	Primer.Plate.Used	Primer.Plate.Well	PrimerName	Study	Description	Group	Sex	SampleType	Mouse ID	MouseID_categorical	MouseID_continuous
SK22	CGTTCAATCCAA	TTTTTTTT	Plate1.13	C5	5	C5	806rcbc412	Skupsky	SK22	Control	Male	adherent_cecum	Control male 1	M1	13
SK23	CACTGGTATATC	TTTTTTTT	Plate1.13	C6	5	C6	806rcbc413	Skupsky	SK23	Control	Male	adherent_cecum	Control male 2	M2	14
SK24	TGGCAGTTTGTT	TTTTTTTT	Plate1.13	C7	5	C7	806rcbc414	Skupsky	SK24	Control	Male	adherent_cecum	Control male 3	M3	15
SK25	ACACATGTCTAC	TTTTTTTT	Plate1.13	C8	5	C8	806rcbc415	Skupsky	SK25	Control	Male	adherent_cecum	Control male 4	M4	16
SK26	CGCGTAACTGTA	TTTTTTTT	Plate1.13	C9	5	C9	806rcbc416	Skupsky	SK26	Control	Male	adherent_cecum	Control male 5	M5	17
SK27	TACTAGGGCTTG	TTTTTTTT	Plate1.13	C10	5	C10	806rcbc417	Skupsky	SK27	Control	Female	adherent_cecum	Control female 1	F1	8
SK28	GATCCGACACTA	TTTTTTTT	Plate1.13	C11	5	C11	806rcbc418	Skupsky	SK28	Control	Female	adherent_cecum	Control female 2	F2	9
SK29	TGCAGAGCTCAG	TTTTTTTT	Plate1.13	C12	5	C12	806rcbc419	Skupsky	SK29	Control	Female	adherent_cecum	Control female 3	F3	10
SK30	GGAAAGTCGAAG	TTTTTTTT	Plate1.13	D1	5	D1	806rcbc420	Skupsky	SK30	Control	Female	adherent_cecum	Control female 4	F4	11
SK31	GGTTCTTATGAC	TTTTTTTT	Plate1.13	D2	5	D2	806rcbc421	Skupsky	SK31	Control	Female	adherent_cecum	Control female 5	F5	12
SK32	TAACTTGCGGAC	TTTTTTTT	Plate1.13	D3	5	D3	806rcbc422	Skupsky	SK32	BD	Male	adherent_cecum	BD male 1	BD1	1
SK33	GAGAGCTCTACG	TTTTTTTT	Plate1.13	D4	5	D4	806rcbc423	Skupsky	SK33	BD	Male	adherent_cecum	BD male 2	BD2	2
SK34	AGCTCTCAGAGG	TTTTTTTT	Plate1.13	D5	5	D5	806rcbc424	Skupsky	SK34	BD	Male	adherent_cecum	BD male 3	BD3	3
SK35	ACTGCATCGAGG	TTTTTTTT	Plate1.13	D6	5	D6	806rcbc425	Skupsky	SK35	BD	Male	adherent_cecum	BD male 4	BD4	4
SK36	TGAATAGTCCGC	TTTTTTTT	Plate1.13	D7	5	D7	806rcbc426	Skupsky	SK36	BD	Male	adherent_cecum	BD male 5	BD5	5
SK37	CAATTGTGCACG	TTTTTTTT	Plate1.13	D8	5	D8	806rcbc427	Skupsky	SK37	BD	Female	adherent_cecum	BD female 1	BDF1	6
SK38	GAACTTAGGCCG	TTTTTTTT	Plate1.13	D9	5	D9	806rcbc428	Skupsky	SK38	BD	Female	adherent_cecum	BD female 2	BDF2	7
SK56	AGATTACCGGCG	TTTTTTTT	Plate1.13	F3	5	F3	806rcbc446	Skupsky	SK56	Control	Male	SI_adherent	Control male 1	M1	13
SK57	TCAAGGCATCGG	TTTTTTTT	Plate1.13	F4	5	F4	806rcbc447	Skupsky	SK57	Control	Male	SI_adherent	Control male 2	M2	14
SK58	TTCGTGCCTGCT	TTTTTTTT	Plate1.13	F5	5	F5	806rcbc448	Skupsky	SK58	Control	Male	SI_adherent	Control male 3	M3	15
SK59	TAGTGCTGCGTA	TTTTTTTT	Plate1.13	F6	5	F6	806rcbc449	Skupsky	SK59	Control	Male	SI_adherent	Control male 4	M4	16
SK60	CAGCACTAAGCG	TTTTTTTT	Plate1.13	F7	5	F7	806rcbc450	Skupsky	SK60	Control	Male	SI_adherent	Control male 5	M5	17
SK61	TCGCAAACTTTG	TTTTTTTT	Plate1.13	F8	5	F8	806rcbc451	Skupsky	SK61	Control	Female	SI_adherent	Control female 1	F1	8
SK62	AGATCGGCTCGA	TTTTTTTT	Plate1.13	F9	5	F9	806rcbc452	Skupsky	SK62	Control	Female	SI_adherent	Control female 2	F2	9
SK63	GAACATGATGAG	TTTTTTTT	Plate1.13	F10	5	F10	806rcbc453	Skupsky	SK63	Control	Female	SI_adherent	Control female 3	F3	10
SK64	AGAAGTCCCTGG	TTTTTTTT	Plate1.13	F11	5	F11	806rcbc454	Skupsky	SK64	Control	Female	SI_adherent	Control female 4	F4	11
SK65	CGCAAGGATTGC	TTTTTTTT	Plate1.13	F12	5	F12	806rcbc455	Skupsky	SK65	Control	Female	SI_adherent	Control female 5	F5	12
SK66	GAAGGAAGCAGG	TTTTTTTT	Plate1.13	G1	5	G1	806rcbc456	Skupsky	SK66	BD	Male	SI_adherent	BD male 1	BD1	1
SK67	CCTTGTGCCTTG	TTTTTTTT	Plate1.13	G2	5	G2	806rcbc457	Skupsky	SK67	BD	Male	SI_adherent	BD male 2	BD2	2
SK68	GACTTATAGGCC	TTTTTTTT	Plate1.13	G3	5	G3	806rcbc458	Skupsky	SK68	BD	Male	SI_adherent	BD male 3	BD3	3
SK69	GCATGAAATGGA	TTTTTTTT	Plate1.13	G4	5	G4	806rcbc459	Skupsky	SK69	BD	Male	SI_adherent	BD male 4	BD4	4
SK70	GATGATCGCCGA	TTTTTTTT	Plate1.13	G5	5	G5	806rcbc460	Skupsky	SK70	BD	Male	SI_adherent	BD male 5	BD5	5
SK71	TTCGCGTGAAAC	TTTTTTTT	Plate1.13	G6	5	G6	806rcbc461	Skupsky	SK71	BD	Female	SI_adherent	BD female 1	BDF1	6
SK72	CAAGGTTCTTGT	TTTTTTTT	Plate1.13	G7	5	G7	806rcbc462	Skupsky	SK72	BD	Female	SI_adherent	BD female 2	BDF2	7
SK39	GATGTGAGCGCT	TTTTTTTT	Plate1.13	D10	5	D10	806rcbc429	Skupsky	SK39	Control	Male	SI_luminal	Control male 1	M1	13
SK40	GTGCCATAACCA	TTTTTTTT	Plate1.13	D11	5	D11	806rcbc430	Skupsky	SK40	Control	Male	SI_luminal	Control male 2	M2	14
SK41	ATCAGAACCTCG	TTTTTTTT	Plate1.13	D12	5	D12	806rcbc431	Skupsky	SK41	Control	Male	SI_luminal	Control male 3	M3	15
SK42	TCCACAGGAGTT	TTTTTTTT	Plate1.13	E1	5	E1	806rcbc432	Skupsky	SK42	Control	Male	SI_luminal	Control male 4	M4	16
SK43	CTACGACCATTA	TTTTTTTT	Plate1.13	E2	5	E2	806rcbc433	Skupsky	SK43	Control	Male	SI_luminal	Control male 5	M5	17
SK44	TCGACGGTGCAA	TTTTTTTT	Plate1.13	E3	5	E3	806rcbc434	Skupsky	SK44	Control	Female	SI_luminal	Control female 1	F1	8
SK45	ACGTCTGTAGCA	TTTTTTTT	Plate1.13	E4	5	E4	806rcbc435	Skupsky	SK45	Control	Female	SI_luminal	Control female 2	F2	9
SK46	TAGTCAGGCCAT	TTTTTTTT	Plate1.13	E5	5	E5	806rcbc436	Skupsky	SK46	Control	Female	SI_luminal	Control female 3	F3	10
SK47	TTGTATGTGCGT	TTTTTTTT	Plate1.13	E6	5	E6	806rcbc437	Skupsky	SK47	Control	Female	SI_luminal	Control female 4	F4	11
SK48	ACAGACCACTCA	TTTTTTTT	Plate1.13	E7	5	E7	806rcbc438	Skupsky	SK48	Control	Female	SI_luminal	Control female 5	F5	12
SK49	ACGAGTGCTATC	TTTTTTTT	Plate1.13	E8	5	E8	806rcbc439	Skupsky	SK49	BD	Male	SI_luminal	BD male 1	BD1	1
SK50	AAGTTCGCGCTA	TTTTTTTT	Plate1.13	E9	5	E9	806rcbc440	Skupsky	SK50	BD	Male	SI_luminal	BD male 2	BD2	2
SK51	GGTGCGTGTATG	TTTTTTTT	Plate1.13	E10	5	E10	806rcbc441	Skupsky	SK51	BD	Male	SI_luminal	BD male 3	BD3	3
SK52	CTTGACTGAGGT	TTTTTTTT	Plate1.13	E11	5	E11	806rcbc442	Skupsky	SK52	BD	Male	SI_luminal	BD male 4	BD4	4
SK53	GTGTTTGGTCGA	TTTTTTTT	Plate1.13	E12	5	E12	806rcbc443	Skupsky	SK53	BD	Male	SI_luminal	BD male 5	BD5	5
SK54	GTTACTGGGTGG	TTTTTTTT	Plate1.13	F1	5	F1	806rcbc444	Skupsky	SK54	BD	Female	SI_luminal	BD female 1	BDF1	6
SK55	TCATCGCGATAT	TTTTTTTT	Plate1.13	F2	5	F2	806rcbc445	Skupsky	SK55	BD	Female	SI_luminal	BD female 2	BDF2	7
SK18	GTCTTCGTCGCT	TTTTTTTT	Plate1.13	C1	5	C1	806rcbc408	Skupsky	SK18	Control	Male	Pooled_Cecal_Content	control male (pooled)	ControlM_pool	400
SK19	GAGTTAGGGAAG	TTTTTTTT	Plate1.13	C2	5	C2	806rcbc409	Skupsky	SK19	Control	Female	Pooled_Cecal_Content	control female (pooled)	ControlF_pool	300
SK20	GCCGTTCTTCCA	TTTTTTTT	Plate1.13	C3	5	C3	806rcbc410	Skupsky	SK20	BD	Male	Pooled_Cecal_Content	BD male (pooled)	BD_M_pool	200
SK21	GTAGTGTCTAGC	TTTTTTTT	Plate1.13	C4	5	C4	806rcbc411	Skupsky	SK21	BD	Female	Pooled_Cecal_Content	BD female (pooled)	BD_F_pool	100
SK01	CAGCTTACTAGG	TTTTTTTT	Plate1.13	A7	5	A7	806rcbc390	Skupsky	SK01	Control	Male	Stool_Pellet	Control male 1	M1	13
SK02	ACTCGTCGGTAA	TTTTTTTT	Plate1.13	A8	5	A8	806rcbc391	Skupsky	SK02	Control	Male	Stool_Pellet	Control male 2	M2	14
SK04	CCGCTACGTCTT	TTTTTTTT	Plate1.13	A10	5	A10	806rcbc393	Skupsky	SK04	Control	Male	Stool_Pellet	Control male 4	M4	16
SK05	GGTGTAAGGTAA	TTTTTTTT	Plate1.13	A11	5	A11	806rcbc394	Skupsky	SK05	Control	Male	Stool_Pellet	Control male 5	M5	17
SK06	GGCCATTAGTCA	TTTTTTTT	Plate1.13	A12	5	A12	806rcbc395	Skupsky	SK06	Control	Female	Stool_Pellet	Control female 1	F1	8
SK07	CAAGTGAGAGAG	TTTTTTTT	Plate1.13	B1	5	B1	806rcbc396	Skupsky	SK07	Control	Female	Stool_Pellet	Control female 2	F2	9
SK08	GTTGCTTGCAAT	TTTTTTTT	Plate1.13	B2	5	B2	806rcbc397	Skupsky	SK08	Control	Female	Stool_Pellet	Control female 3	F3	10
SK09	ACATGTCACGTG	TTTTTTTT	Plate1.13	B3	5	B3	806rcbc398	Skupsky	SK09	Control	Female	Stool_Pellet	Control female 4	F4	11
SK10	CAGTGATCCTAG	TTTTTTTT	Plate1.13	B5	5	B5	806rcbc400	Skupsky	SK10	Control	Female	Stool_Pellet	Control female 5	F5	12
SK11	ATTTGGGTCATC	TTTTTTTT	Plate1.13	B6	5	B6	806rcbc401	Skupsky	SK11	BD	Male	Stool_Pellet	BD male 1	BD1	1
SK12	TCCTACTCCGGT	TTTTTTTT	Plate1.13	B7	5	B7	806rcbc402	Skupsky	SK12	BD	Male	Stool_Pellet	BD male 2	BD2	2
SK13	AGGTAGTCCTCA	TTTTTTTT	Plate1.13	B8	5	B8	806rcbc403	Skupsky	SK13	BD	Male	Stool_Pellet	BD male 3	BD3	3
SK14	GCAAGCCGATTG	TTTTTTTT	Plate1.13	B9	5	B9	806rcbc404	Skupsky	SK14	BD	Male	Stool_Pellet	BD male 4	BD4	4
SK15	CGATCGAGTGTT	TTTTTTTT	Plate1.13	B10	5	B10	806rcbc405	Skupsky	SK15	BD	Male	Stool_Pellet	BD male 5	BD5	5
SK16	AACAGCCGGTCA	TTTTTTTT	Plate1.13	B11	5	B11	806rcbc406	Skupsky	SK16	BD	Female	Stool_Pellet	BD female 1	BDF1	6
SK17	TATTGCTCCTCC	TTTTTTTT	Plate1.13	B12	5	B12	806rcbc407	Skupsky	SK17	BD	Female	Stool_Pellet	BD female 2	BDF2	7
